id,escenario,nivel,fraccion,variante,algoritmo,arranque,replica,semilla,presupuesto_ms,commit,estado,minuto_final,pedidos_base,pedidos_instancia,pedidos_registrados,pedidos_entregados,pedidos_incumplidos,pedidos_pendientes,pct_cumplimiento,minuto_primer_incumplido,paquetes_entregados,costo_total,km_total,costo_por_pedido,llamadas,llamadas_fuera_presupuesto,ms_mediana,ms_p90,ms_max,v1_invalidas,v2_incoherentes,saturacion_almacenes_pct,tiempo_pared_s,validez,pct_llamadas_en_presupuesto,minuto_primer_incumplido_c,censurado,sin_incumplidos
5D_N1_ALNS-C_r01,5D,N1,0.25,ALNS-C,ALNS,calido,1,20260901,2000,539370b,CULMINADA,7200,1963,499,499,496,0,3,100.0,-1,2126,57176.0,10024,115.274,266,0,1950.124,1950.385,1953.259,0,0,14.8,507.727,True,100.0,7200,True,True
5D_N1_ALNS-C_r02,5D,N1,0.25,ALNS-C,ALNS,calido,2,20260902,2000,539370b,CULMINADA,7200,1963,511,511,508,0,3,100.0,-1,2057,52818.0,9221,103.972,266,0,1950.124,1950.396,1953.571,0,0,22.3,499.922,True,100.0,7200,True,True
5D_N1_ALNS-C_r03,5D,N1,0.25,ALNS-C,ALNS,calido,3,20260903,2000,539370b,CULMINADA,7200,1963,490,490,488,0,2,100.0,-1,1931,52735.0,9350,108.064,266,0,1950.122,1950.302,1952.392,0,0,16.4,476.475,True,100.0,7200,True,True
5D_N1_ALNS-C_r04,5D,N1,0.25,ALNS-C,ALNS,calido,4,20260904,2000,539370b,CULMINADA,7200,1963,486,486,484,0,2,100.0,-1,1908,51098.0,9147,105.574,266,0,1950.141,1950.487,1956.136,0,0,13.7,496.128,True,100.0,7200,True,True
5D_N1_ALNS-C_r05,5D,N1,0.25,ALNS-C,ALNS,calido,5,20260905,2000,539370b,CULMINADA,7200,1963,537,537,533,0,4,100.0,-1,2343,54639.0,9539,102.512,266,0,1950.127,1950.347,1954.75,0,0,19.3,501.856,True,100.0,7200,True,True
5D_N1_ALNS-C_r06,5D,N1,0.25,ALNS-C,ALNS,calido,6,20260906,2000,539370b,CULMINADA,7200,1963,483,483,478,0,5,100.0,-1,1849,51648.0,9205,108.05,266,0,1950.143,1950.45,1955.375,0,0,14.1,503.915,True,100.0,7200,True,True
5D_N1_ALNS-C_r07,5D,N1,0.25,ALNS-C,ALNS,calido,7,20260907,2000,539370b,CULMINADA,7200,1963,472,472,469,0,3,100.0,-1,1808,52877.0,9314,112.744,266,0,1950.145,1950.628,1954.386,0,0,13.6,484.379,True,100.0,7200,True,True
5D_N1_ALNS-C_r08,5D,N1,0.25,ALNS-C,ALNS,calido,8,20260908,2000,539370b,CULMINADA,7200,1963,502,502,498,0,4,100.0,-1,2139,52572.0,9287,105.566,266,0,1950.143,1950.498,1953.394,0,0,17.2,488.34,True,100.0,7200,True,True
5D_N1_ALNS-C_r09,5D,N1,0.25,ALNS-C,ALNS,calido,9,20260909,2000,539370b,CULMINADA,7200,1963,517,517,515,0,2,100.0,-1,1992,55951.0,9735,108.643,266,0,1950.144,1950.42,1965.268,0,0,14.7,494.207,True,100.0,7200,True,True
5D_N1_ALNS-C_r10,5D,N1,0.25,ALNS-C,ALNS,calido,10,20260910,2000,539370b,CULMINADA,7200,1963,480,480,477,0,3,100.0,-1,1940,54589.0,9612,114.442,266,0,1950.144,1950.407,1953.838,0,0,16.1,488.302,True,100.0,7200,True,True
5D_N1_ALNS-F_r01,5D,N1,0.25,ALNS-F,ALNS,constructivo,1,20260901,2000,539370b,CULMINADA,7200,1963,499,499,495,0,4,100.0,-1,2125,57566.0,10219,116.295,266,0,1950.129,1950.362,1951.894,0,0,13.2,507.795,True,100.0,7200,True,True
5D_N1_ALNS-F_r02,5D,N1,0.25,ALNS-F,ALNS,constructivo,2,20260902,2000,539370b,CULMINADA,7200,1963,511,511,508,0,3,100.0,-1,2057,55053.0,9682,108.372,266,0,1950.111,1950.328,1954.554,0,0,19.2,499.884,True,100.0,7200,True,True
5D_N1_ALNS-F_r03,5D,N1,0.25,ALNS-F,ALNS,constructivo,3,20260903,2000,539370b,CULMINADA,7200,1963,490,490,486,0,4,100.0,-1,1911,52141.0,9107,107.286,266,0,1950.128,1950.418,1953.541,0,0,14.4,476.586,True,100.0,7200,True,True
5D_N1_ALNS-F_r04,5D,N1,0.25,ALNS-F,ALNS,constructivo,4,20260904,2000,539370b,CULMINADA,7200,1963,486,486,484,0,2,100.0,-1,1908,53630.0,9585,110.806,266,0,1950.111,1950.303,1956.392,0,0,14.6,495.951,True,100.0,7200,True,True
5D_N1_ALNS-F_r05,5D,N1,0.25,ALNS-F,ALNS,constructivo,5,20260905,2000,539370b,CULMINADA,7200,1963,537,537,533,0,4,100.0,-1,2339,57269.0,10040,107.447,266,0,1950.127,1950.385,1955.224,0,0,19.4,505.87,True,100.0,7200,True,True
5D_N1_ALNS-F_r06,5D,N1,0.25,ALNS-F,ALNS,constructivo,6,20260906,2000,539370b,CULMINADA,7200,1963,483,483,478,0,5,100.0,-1,1855,50782.0,9067,106.238,266,0,1950.131,1950.5,1958.159,0,0,14.3,505.865,True,100.0,7200,True,True
5D_N1_ALNS-F_r07,5D,N1,0.25,ALNS-F,ALNS,constructivo,7,20260907,2000,539370b,CULMINADA,7200,1963,472,472,469,0,3,100.0,-1,1816,52617.0,9286,112.19,266,0,1950.128,1950.378,1953.984,0,0,13.2,486.369,True,100.0,7200,True,True
5D_N1_ALNS-F_r08,5D,N1,0.25,ALNS-F,ALNS,constructivo,8,20260908,2000,539370b,CULMINADA,7200,1963,502,502,498,1,3,99.8,4291,2147,53063.0,9484,106.552,266,0,1950.117,1950.321,1951.292,0,0,15.4,486.233,True,100.0,4291,False,False
5D_N1_ALNS-F_r09,5D,N1,0.25,ALNS-F,ALNS,constructivo,9,20260909,2000,539370b,CULMINADA,7200,1963,517,517,515,0,2,100.0,-1,1998,58632.0,10301,113.849,266,0,1950.13,1950.32,1952.478,0,0,16.2,492.213,True,100.0,7200,True,True
5D_N1_ALNS-F_r10,5D,N1,0.25,ALNS-F,ALNS,constructivo,10,20260910,2000,539370b,CULMINADA,7200,1963,480,480,477,0,3,100.0,-1,1940,53969.0,9565,113.143,266,0,1950.123,1950.343,1956.162,0,0,15.6,488.262,True,100.0,7200,True,True
5D_N1_HGS_r01,5D,N1,0.25,HGS,HGS,constructivo,1,20260901,2000,539370b,CULMINADA,7200,1963,499,499,497,0,2,100.0,-1,2129,54084.0,9252,108.821,266,0,1950.074,1950.246,1950.98,0,0,15.5,507.775,True,100.0,7200,True,True
5D_N1_HGS_r02,5D,N1,0.25,HGS,HGS,constructivo,2,20260902,2000,539370b,CULMINADA,7200,1963,511,511,508,0,3,100.0,-1,2057,52095.0,9171,102.549,266,0,1950.062,1950.197,1950.753,0,0,22.3,499.883,True,100.0,7200,True,True
5D_N1_HGS_r03,5D,N1,0.25,HGS,HGS,constructivo,3,20260903,2000,539370b,CULMINADA,7200,1963,490,490,487,0,3,100.0,-1,1905,50211.0,8589,103.103,266,0,1950.09,1950.288,1953.82,0,0,15.1,474.599,True,100.0,7200,True,True
5D_N1_HGS_r04,5D,N1,0.25,HGS,HGS,constructivo,4,20260904,2000,539370b,CULMINADA,7200,1963,486,486,484,0,2,100.0,-1,1903,49384.0,8494,102.033,266,0,1950.065,1950.246,1951.031,0,0,16.4,499.98,True,100.0,7200,True,True
5D_N1_HGS_r05,5D,N1,0.25,HGS,HGS,constructivo,5,20260905,2000,539370b,CULMINADA,7200,1963,537,537,534,1,2,99.813,897,2342,57133.0,9489,106.991,266,0,1950.081,1950.264,1953.256,0,0,19.2,505.836,True,100.0,897,False,False
5D_N1_HGS_r06,5D,N1,0.25,HGS,HGS,constructivo,6,20260906,2000,539370b,CULMINADA,7200,1963,483,483,477,1,5,99.791,6921,1849,48625.0,8594,101.939,266,0,1950.075,1950.217,1951.144,0,0,14.1,503.87,True,100.0,6921,False,False
5D_N1_HGS_r07,5D,N1,0.25,HGS,HGS,constructivo,7,20260907,2000,539370b,CULMINADA,7200,1963,472,472,468,0,4,100.0,-1,1806,50036.0,8657,106.915,266,0,1950.056,1950.227,1952.001,0,0,13.5,488.254,True,100.0,7200,True,True
5D_N1_HGS_r08,5D,N1,0.25,HGS,HGS,constructivo,8,20260908,2000,539370b,CULMINADA,7200,1963,502,502,496,2,4,99.598,4250,2122,48422.0,8480,97.625,266,0,1950.077,1950.244,1954.188,0,0,17.0,488.283,True,100.0,4250,False,False
5D_N1_HGS_r09,5D,N1,0.25,HGS,HGS,constructivo,9,20260909,2000,539370b,CULMINADA,7200,1963,517,517,515,0,2,100.0,-1,1992,55791.0,9307,108.332,266,0,1950.075,1950.295,1951.66,0,0,14.2,494.07,True,100.0,7200,True,True
5D_N1_HGS_r10,5D,N1,0.25,HGS,HGS,constructivo,10,20260910,2000,539370b,CULMINADA,7200,1963,480,480,477,0,3,100.0,-1,1940,53961.0,9077,113.126,266,0,1950.095,1950.294,1954.683,0,0,16.6,480.496,True,100.0,7200,True,True
5D_N2_ALNS-C_r01,5D,N2,0.5,ALNS-C,ALNS,calido,1,20260901,2000,539370b,CULMINADA,7200,1963,996,996,982,0,14,100.0,-1,3982,89150.0,15185,90.784,266,0,1950.16,1950.395,1952.799,0,0,26.1,509.909,True,100.0,7200,True,True
5D_N2_ALNS-C_r02,5D,N2,0.5,ALNS-C,ALNS,calido,2,20260902,2000,539370b,CULMINADA,7200,1963,1048,1048,1037,0,11,100.0,-1,4149,92759.0,15911,89.449,266,0,1950.13,1950.562,1956.104,0,0,36.6,507.946,True,100.0,7200,True,True
5D_N2_ALNS-C_r03,5D,N2,0.5,ALNS-C,ALNS,calido,3,20260903,2000,539370b,CULMINADA,7200,1963,984,984,976,0,8,100.0,-1,3967,90500.0,15172,92.725,266,0,1950.126,1950.392,1954.249,0,0,31.4,509.87,True,100.0,7200,True,True
5D_N2_ALNS-C_r04,5D,N2,0.5,ALNS-C,ALNS,calido,4,20260904,2000,539370b,CULMINADA,7200,1963,1004,1004,990,1,13,99.899,4250,3894,88378.0,15290,89.271,266,0,1950.145,1950.597,1955.237,0,0,31.8,506.073,True,100.0,4250,False,False
5D_N2_ALNS-C_r05,5D,N2,0.5,ALNS-C,ALNS,calido,5,20260905,2000,539370b,CULMINADA,7200,1963,987,987,975,1,11,99.898,4250,4073,88311.0,14954,90.575,266,0,1950.141,1950.498,1954.469,0,0,31.4,507.96,True,100.0,4250,False,False
5D_N2_ALNS-C_r06,5D,N2,0.5,ALNS-C,ALNS,calido,6,20260906,2000,539370b,CULMINADA,7200,1963,978,978,967,0,11,100.0,-1,3886,89420.0,15329,92.472,266,0,1950.131,1950.446,1954.619,0,0,32.9,509.833,True,100.0,7200,True,True
5D_N2_ALNS-C_r07,5D,N2,0.5,ALNS-C,ALNS,calido,7,20260907,2000,539370b,CULMINADA,7200,1963,972,972,961,1,10,99.896,4279,3939,91777.0,15902,95.502,266,0,1950.15,1950.46,1954.799,0,0,30.0,500.249,True,100.0,4279,False,False
5D_N2_ALNS-C_r08,5D,N2,0.5,ALNS-C,ALNS,calido,8,20260908,2000,539370b,CULMINADA,7200,1963,980,980,967,1,12,99.897,4250,4047,87821.0,14846,90.818,266,0,1950.124,1950.345,1956.179,0,0,31.6,500.108,True,100.0,4250,False,False
5D_N2_ALNS-C_r09,5D,N2,0.5,ALNS-C,ALNS,calido,9,20260909,2000,539370b,CULMINADA,7200,1963,974,974,968,0,6,100.0,-1,3734,89976.0,15444,92.95,266,0,1950.154,1950.525,1952.939,0,0,31.1,502.158,True,100.0,7200,True,True
5D_N2_ALNS-C_r10,5D,N2,0.5,ALNS-C,ALNS,calido,10,20260910,2000,539370b,CULMINADA,7200,1963,972,972,962,2,8,99.793,1398,4052,91934.0,15525,95.565,266,0,1950.159,1950.448,1959.911,0,0,33.8,504.121,True,100.0,1398,False,False
5D_N2_ALNS-F_r01,5D,N2,0.5,ALNS-F,ALNS,constructivo,1,20260901,2000,539370b,CULMINADA,7200,1963,996,996,982,0,14,100.0,-1,4022,91056.0,15593,92.725,266,0,1950.115,1950.312,1953.455,0,0,27.0,507.896,True,100.0,7200,True,True
5D_N2_ALNS-F_r02,5D,N2,0.5,ALNS-F,ALNS,constructivo,2,20260902,2000,539370b,CULMINADA,7200,1963,1048,1048,1034,1,13,99.903,4250,4112,93973.0,16328,90.883,266,0,1950.121,1950.395,1954.181,0,0,35.5,509.879,True,100.0,4250,False,False
5D_N2_ALNS-F_r03,5D,N2,0.5,ALNS-F,ALNS,constructivo,3,20260903,2000,539370b,CULMINADA,7200,1963,984,984,975,0,9,100.0,-1,3941,92811.0,15999,95.191,266,0,1950.133,1950.592,1954.65,0,0,31.0,510.011,True,100.0,7200,True,True
5D_N2_ALNS-F_r04,5D,N2,0.5,ALNS-F,ALNS,constructivo,4,20260904,2000,539370b,CULMINADA,7200,1963,1004,1004,992,1,11,99.899,4250,3904,91359.0,15776,92.096,266,0,1950.129,1950.469,1953.444,0,0,28.7,506.072,True,100.0,4250,False,False
5D_N2_ALNS-F_r05,5D,N2,0.5,ALNS-F,ALNS,constructivo,5,20260905,2000,539370b,CULMINADA,7200,1963,987,987,977,1,9,99.898,4250,4079,90665.0,15556,92.799,266,0,1950.118,1950.37,1953.32,0,0,29.6,505.92,True,100.0,4250,False,False
5D_N2_ALNS-F_r06,5D,N2,0.5,ALNS-F,ALNS,constructivo,6,20260906,2000,539370b,CULMINADA,7200,1963,978,978,967,1,10,99.897,5506,3877,90664.0,15552,93.758,266,0,1950.133,1950.415,1954.737,0,0,32.6,509.95,True,100.0,5506,False,False
5D_N2_ALNS-F_r07,5D,N2,0.5,ALNS-F,ALNS,constructivo,7,20260907,2000,539370b,CULMINADA,7200,1963,972,972,962,1,9,99.896,897,3960,90147.0,15426,93.708,266,0,1950.135,1950.456,1955.818,0,0,29.8,500.228,True,100.0,897,False,False
5D_N2_ALNS-F_r08,5D,N2,0.5,ALNS-F,ALNS,constructivo,8,20260908,2000,539370b,CULMINADA,7200,1963,980,980,967,1,12,99.897,4250,4063,87930.0,15167,90.931,266,0,1950.13,1950.445,1954.675,0,0,34.3,500.247,True,100.0,4250,False,False
5D_N2_ALNS-F_r09,5D,N2,0.5,ALNS-F,ALNS,constructivo,9,20260909,2000,539370b,CULMINADA,7200,1963,974,974,964,1,9,99.896,6702,3716,89646.0,15300,92.994,266,0,1950.108,1950.365,1955.946,0,0,30.5,500.084,True,100.0,6702,False,False
5D_N2_ALNS-F_r10,5D,N2,0.5,ALNS-F,ALNS,constructivo,10,20260910,2000,539370b,CULMINADA,7200,1963,972,972,963,1,8,99.896,5563,4100,93681.0,15971,97.28,266,0,1950.128,1950.416,1956.174,0,0,30.8,504.122,True,100.0,5563,False,False
5D_N2_HGS_r01,5D,N2,0.5,HGS,HGS,constructivo,1,20260901,2000,539370b,CULMINADA,7200,1963,996,996,981,0,15,100.0,-1,4013,94241.0,15679,96.066,266,0,1950.128,1950.44,1951.738,0,0,27.4,508.043,True,100.0,7200,True,True
5D_N2_HGS_r02,5D,N2,0.5,HGS,HGS,constructivo,2,20260902,2000,539370b,CULMINADA,7200,1963,1048,1048,1036,1,11,99.904,798,4155,101937.0,16795,98.395,266,0,1950.133,1950.427,1951.023,0,0,42.0,510.0,True,100.0,798,False,False
5D_N2_HGS_r03,5D,N2,0.5,HGS,HGS,constructivo,3,20260903,2000,539370b,CULMINADA,7200,1963,984,984,975,0,9,100.0,-1,3948,93989.0,15426,96.399,266,0,1950.117,1950.453,1951.551,0,0,30.5,509.956,True,100.0,7200,True,True
5D_N2_HGS_r04,5D,N2,0.5,HGS,HGS,constructivo,4,20260904,2000,45890e5,CULMINADA,7200,1963,1004,1004,991,1,12,99.899,6702,3943,95123.0,15839,95.987,266,0,1950.119,1950.392,1951.733,0,0,32.8,504.106,True,100.0,6702,False,False
5D_N2_HGS_r05,5D,N2,0.5,HGS,HGS,constructivo,5,20260905,2000,539370b,CULMINADA,7200,1963,987,987,976,0,11,100.0,-1,4100,98166.0,16030,100.58,266,0,1950.115,1950.373,1951.303,0,0,33.4,506.061,True,100.0,7200,True,True
5D_N2_HGS_r06,5D,N2,0.5,HGS,HGS,constructivo,6,20260906,2000,539370b,CULMINADA,7200,1963,978,978,966,4,8,99.588,2506,3867,90723.0,15110,93.916,266,0,1950.141,1950.4,1954.537,0,0,31.2,510.004,True,100.0,2506,False,False
5D_N2_HGS_r07,5D,N2,0.5,HGS,HGS,constructivo,7,20260907,2000,539370b,CULMINADA,7200,1963,972,972,957,1,14,99.896,840,3938,91202.0,15135,95.3,266,0,1950.102,1950.375,1950.912,0,0,35.5,502.019,True,100.0,840,False,False
5D_N2_HGS_r08,5D,N2,0.5,HGS,HGS,constructivo,8,20260908,2000,539370b,CULMINADA,7200,1963,980,980,965,0,15,100.0,-1,4069,91369.0,14823,94.683,266,0,1950.13,1950.424,1951.95,0,0,32.9,500.196,True,100.0,7200,True,True
5D_N2_HGS_r09,5D,N2,0.5,HGS,HGS,constructivo,9,20260909,2000,539370b,CULMINADA,7200,1963,974,974,967,1,6,99.897,6702,3730,93053.0,15274,96.229,266,0,1950.1,1950.354,1952.101,0,0,27.8,500.09,True,100.0,6702,False,False
5D_N2_HGS_r10,5D,N2,0.5,HGS,HGS,constructivo,10,20260910,2000,539370b,CULMINADA,7200,1963,972,972,962,0,10,100.0,-1,4101,97330.0,15769,101.175,266,0,1950.138,1950.428,1951.905,0,0,33.1,504.121,True,100.0,7200,True,True
5D_N3_ALNS-C_r01,5D,N3,0.75,ALNS-C,ALNS,calido,1,20260901,2000,539370b,CULMINADA,7200,1963,1474,1474,1438,3,33,99.792,897,5703,115423.0,19620,80.266,266,0,1950.135,1950.435,1955.85,0,0,47.8,510.086,True,100.0,897,False,False
5D_N3_ALNS-C_r02,5D,N3,0.75,ALNS-C,ALNS,calido,2,20260902,2000,539370b,CULMINADA,7200,1963,1512,1512,1482,5,25,99.664,798,5933,119571.0,20425,80.682,266,0,1950.152,1950.493,1954.281,0,0,50.2,510.245,True,100.0,798,False,False
5D_N3_ALNS-C_r03,5D,N3,0.75,ALNS-C,ALNS,calido,3,20260903,2000,539370b,CULMINADA,7200,1963,1486,1486,1454,3,29,99.794,897,5809,118176.0,20248,81.276,266,0,1950.151,1950.528,1955.068,0,0,48.9,510.3,True,100.0,897,False,False
5D_N3_ALNS-C_r04,5D,N3,0.75,ALNS-C,ALNS,calido,4,20260904,2000,539370b,CULMINADA,7200,1963,1491,1491,1456,3,32,99.794,4250,5522,116049.0,20207,79.704,266,0,1950.144,1950.395,1952.713,0,0,38.3,506.2,True,100.0,4250,False,False
5D_N3_ALNS-C_r05,5D,N3,0.75,ALNS-C,ALNS,calido,5,20260905,2000,539370b,CULMINADA,7200,1963,1451,1451,1417,4,30,99.719,798,5584,116756.0,20018,82.397,266,0,1950.158,1950.527,1953.493,0,0,42.2,508.297,True,100.0,798,False,False
5D_N3_ALNS-C_r06,5D,N3,0.75,ALNS-C,ALNS,calido,6,20260906,2000,539370b,CULMINADA,7200,1963,1504,1504,1480,2,22,99.865,1398,5961,123776.0,21132,83.632,266,0,1950.14,1950.476,1953.679,0,0,43.8,510.105,True,100.0,1398,False,False
5D_N3_ALNS-C_r07,5D,N3,0.75,ALNS-C,ALNS,calido,7,20260907,2000,539370b,CULMINADA,7200,1963,1476,1476,1449,0,27,100.0,-1,5818,120929.0,20681,83.457,266,0,1950.14,1950.409,1954.89,0,0,39.2,510.115,True,100.0,7200,True,True
5D_N3_ALNS-C_r08,5D,N3,0.75,ALNS-C,ALNS,calido,8,20260908,2000,539370b,CULMINADA,7200,1963,1446,1446,1413,2,31,99.859,1398,5716,115477.0,19808,81.725,266,0,1950.149,1950.629,1954.918,0,0,48.5,508.377,True,100.0,1398,False,False
5D_N3_ALNS-C_r09,5D,N3,0.75,ALNS-C,ALNS,calido,9,20260909,2000,539370b,CULMINADA,7200,1963,1485,1485,1452,7,26,99.52,840,5698,116741.0,20125,80.4,266,0,1950.137,1950.501,1953.258,0,0,44.4,508.222,True,100.0,840,False,False
5D_N3_ALNS-C_r10,5D,N3,0.75,ALNS-C,ALNS,calido,10,20260910,2000,539370b,CULMINADA,7200,1963,1491,1491,1457,5,29,99.658,897,5924,121216.0,20759,83.196,266,0,1950.131,1950.42,1955.037,0,0,46.5,504.356,True,100.0,897,False,False
5D_N3_ALNS-F_r01,5D,N3,0.75,ALNS-F,ALNS,constructivo,1,20260901,2000,539370b,CULMINADA,7200,1963,1474,1474,1436,4,34,99.722,897,5691,117299.0,20151,81.685,266,0,1950.129,1950.418,1954.565,0,0,43.9,510.153,True,100.0,897,False,False
5D_N3_ALNS-F_r02,5D,N3,0.75,ALNS-F,ALNS,constructivo,2,20260902,2000,539370b,CULMINADA,7200,1963,1512,1512,1476,7,29,99.528,798,5920,117471.0,20211,79.587,266,0,1950.141,1950.474,1953.178,0,0,43.0,510.26,True,100.0,798,False,False
5D_N3_ALNS-F_r03,5D,N3,0.75,ALNS-F,ALNS,constructivo,3,20260903,2000,539370b,CULMINADA,7200,1963,1486,1486,1447,7,32,99.519,840,5749,118644.0,20390,81.993,266,0,1950.119,1950.503,1955.479,0,0,46.8,510.134,True,100.0,840,False,False
5D_N3_ALNS-F_r04,5D,N3,0.75,ALNS-F,ALNS,constructivo,4,20260904,2000,539370b,CULMINADA,7200,1963,1491,1491,1455,7,29,99.521,897,5517,116330.0,20105,79.952,266,0,1950.132,1950.416,1953.874,0,0,38.4,506.316,True,100.0,897,False,False
5D_N3_ALNS-F_r05,5D,N3,0.75,ALNS-F,ALNS,constructivo,5,20260905,2000,539370b,CULMINADA,7200,1963,1451,1451,1412,6,33,99.577,840,5520,114878.0,19676,81.358,266,0,1950.139,1950.458,1953.538,0,0,41.7,506.343,True,100.0,840,False,False
5D_N3_ALNS-F_r06,5D,N3,0.75,ALNS-F,ALNS,constructivo,6,20260906,2000,539370b,CULMINADA,7200,1963,1504,1504,1474,6,24,99.595,840,5952,120322.0,20781,81.63,266,0,1950.137,1950.436,1952.882,0,0,43.6,510.206,True,100.0,840,False,False
5D_N3_ALNS-F_r07,5D,N3,0.75,ALNS-F,ALNS,constructivo,7,20260907,2000,539370b,CULMINADA,7200,1963,1476,1476,1447,5,24,99.656,840,5813,119881.0,20618,82.848,266,0,1950.127,1950.436,1952.844,0,0,43.6,510.176,True,100.0,840,False,False
5D_N3_ALNS-F_r08,5D,N3,0.75,ALNS-F,ALNS,constructivo,8,20260908,2000,539370b,CULMINADA,7200,1963,1446,1446,1403,10,33,99.292,840,5648,114450.0,19558,81.575,266,0,1950.125,1950.392,1953.581,0,0,44.3,508.306,True,100.0,840,False,False
5D_N3_ALNS-F_r09,5D,N3,0.75,ALNS-F,ALNS,constructivo,9,20260909,2000,539370b,CULMINADA,7200,1963,1485,1485,1445,8,32,99.449,840,5631,116235.0,19931,80.439,266,0,1950.118,1950.358,1952.638,0,0,42.5,508.125,True,100.0,840,False,False
5D_N3_ALNS-F_r10,5D,N3,0.75,ALNS-F,ALNS,constructivo,10,20260910,2000,539370b,CULMINADA,7200,1963,1491,1491,1454,6,31,99.589,897,5883,121658.0,20986,83.671,266,0,1950.135,1950.461,1954.655,0,0,43.1,504.394,True,100.0,897,False,False
5D_N3_HGS_r01,5D,N3,0.75,HGS,HGS,constructivo,1,20260901,2000,539370b,CULMINADA,7200,1963,1474,1474,1435,2,37,99.861,798,5737,131194.0,21689,91.424,266,0,1950.128,1950.419,1951.147,0,0,41.6,510.108,True,100.0,798,False,False
5D_N3_HGS_r02,5D,N3,0.75,HGS,HGS,constructivo,2,20260902,2000,539370b,CULMINADA,7200,1963,1512,1512,1474,5,33,99.662,798,5949,134357.0,22361,91.151,266,0,1950.133,1950.444,1952.289,0,0,49.4,510.16,True,100.0,798,False,False
5D_N3_HGS_r03,5D,N3,0.75,HGS,HGS,constructivo,3,20260903,2000,539370b,CULMINADA,7200,1963,1486,1486,1452,3,31,99.794,2773,5815,135499.0,22273,93.319,266,0,1950.183,1950.534,1954.311,0,0,43.8,510.375,True,100.0,2773,False,False
5D_N3_HGS_r04,5D,N3,0.75,HGS,HGS,constructivo,4,20260904,2000,539370b,CULMINADA,7200,1963,1491,1491,1452,4,35,99.725,897,5535,129476.0,21513,89.171,266,0,1950.13,1950.423,1951.734,0,0,44.2,506.241,True,100.0,897,False,False
5D_N3_HGS_r05,5D,N3,0.75,HGS,HGS,constructivo,5,20260905,2000,539370b,CULMINADA,7200,1963,1451,1451,1412,5,34,99.647,840,5586,129019.0,21303,91.373,266,0,1950.136,1950.455,1951.459,0,0,41.6,506.41,True,100.0,840,False,False
5D_N3_HGS_r06,5D,N3,0.75,HGS,HGS,constructivo,6,20260906,2000,539370b,CULMINADA,7200,1963,1504,1504,1474,1,29,99.932,1354,5975,140091.0,22967,95.041,266,0,1950.177,1950.547,1953.793,0,0,48.1,510.343,True,100.0,1354,False,False
5D_N3_HGS_r07,5D,N3,0.75,HGS,HGS,constructivo,7,20260907,2000,539370b,CULMINADA,7200,1963,1476,1476,1439,5,32,99.654,5181,5745,134747.0,22124,93.639,266,0,1950.133,1950.409,1951.305,0,0,39.7,510.144,True,100.0,5181,False,False
5D_N3_HGS_r08,5D,N3,0.75,HGS,HGS,constructivo,8,20260908,2000,539370b,CULMINADA,7200,1963,1446,1446,1410,2,34,99.858,897,5712,128979.0,21534,91.474,266,0,1950.139,1950.428,1952.517,0,0,42.3,508.201,True,100.0,897,False,False
5D_N3_HGS_r09,5D,N3,0.75,HGS,HGS,constructivo,9,20260909,2000,539370b,CULMINADA,7200,1963,1485,1485,1446,5,34,99.655,911,5646,132007.0,21951,91.291,266,0,1950.154,1950.492,1951.902,0,0,41.8,508.411,True,100.0,911,False,False
5D_N3_HGS_r10,5D,N3,0.75,HGS,HGS,constructivo,10,20260910,2000,539370b,CULMINADA,7200,1963,1491,1491,1449,5,37,99.656,1076,5928,135207.0,22103,93.311,266,0,1950.178,1950.588,1953.007,0,0,43.7,504.522,True,100.0,1076,False,False
COLAPSO_N4_ALNS-C_r01,COLAPSO,N4,rampa,ALNS-C,ALNS,calido,1,20260901,2000,539370b,COLAPSADA,897,11315,10724,137,83,1,53,98.81,897,311,7328.0,1288,88.289,31,0,1950.383,1950.787,1954.191,0,0,2.2,50.845,True,100.0,897,False,False
COLAPSO_N4_ALNS-C_r02,COLAPSO,N4,rampa,ALNS-C,ALNS,calido,2,20260902,2000,539370b,COLAPSADA,4250,11315,10758,733,684,1,48,99.854,4250,2535,55765.0,9686,81.528,152,0,1950.218,1950.801,1954.227,0,0,28.1,287.389,True,100.0,4250,False,False
COLAPSO_N4_ALNS-C_r03,COLAPSO,N4,rampa,ALNS-C,ALNS,calido,3,20260903,2000,539370b,COLAPSADA,5506,11315,10721,1052,925,1,126,99.892,5506,3491,76812.0,13360,83.04,202,0,1950.167,1950.342,1951.819,0,0,36.2,385.009,True,100.0,5506,False,False
COLAPSO_N4_ALNS-C_r04,COLAPSO,N4,rampa,ALNS-C,ALNS,calido,4,20260904,2000,45890e5,COLAPSADA,4250,11315,10716,698,650,1,47,99.846,4250,2344,53200.0,9371,81.846,152,0,1950.198,1950.887,1955.584,0,0,24.7,283.469,True,100.0,4250,False,False
COLAPSO_N4_ALNS-C_r05,COLAPSO,N4,rampa,ALNS-C,ALNS,calido,5,20260905,2000,539370b,COLAPSADA,992,11315,10719,170,102,1,67,99.029,992,443,9241.0,1570,90.598,35,0,1950.404,1950.803,1951.793,0,0,6.4,58.705,True,100.0,992,False,False
COLAPSO_N4_ALNS-C_r06,COLAPSO,N4,rampa,ALNS-C,ALNS,calido,6,20260906,2000,539370b,COLAPSADA,1051,11315,10731,169,98,1,70,98.99,1051,417,8718.0,1545,88.959,37,0,1950.409,1950.927,1952.142,0,0,12.1,62.596,True,100.0,1051,False,False
COLAPSO_N4_ALNS-C_r07,COLAPSO,N4,rampa,ALNS-C,ALNS,calido,7,20260907,2000,539370b,COLAPSADA,897,11315,10730,137,86,1,50,98.851,897,335,7366.0,1274,85.651,31,0,1950.401,1951.762,1952.089,0,0,2.7,45.012,True,100.0,897,False,False
COLAPSO_N4_ALNS-C_r08,COLAPSO,N4,rampa,ALNS-C,ALNS,calido,8,20260908,2000,539370b,COLAPSADA,4250,11315,10686,684,643,1,40,99.845,4250,2473,53183.0,9162,82.711,152,0,1950.19,1950.942,1954.697,0,0,30.1,279.577,True,100.0,4250,False,False
COLAPSO_N4_ALNS-C_r09,COLAPSO,N4,rampa,ALNS-C,ALNS,calido,9,20260909,2000,539370b,COLAPSADA,5181,11315,10722,936,822,1,113,99.878,5181,3079,68935.0,11982,83.863,189,0,1950.158,1950.366,1953.129,0,0,33.9,349.812,True,100.0,5181,False,False
COLAPSO_N4_ALNS-C_r10,COLAPSO,N4,rampa,ALNS-C,ALNS,calido,10,20260910,2000,539370b,COLAPSADA,4250,11315,10725,698,654,1,43,99.847,4250,2529,54943.0,9539,84.011,152,0,1950.187,1950.547,1951.672,0,0,27.7,281.422,True,100.0,4250,False,False
COLAPSO_N4_ALNS-F_r01,COLAPSO,N4,rampa,ALNS-F,ALNS,constructivo,1,20260901,2000,539370b,COLAPSADA,4250,11315,10724,701,651,1,49,99.847,4250,2430,55375.0,9700,85.061,152,0,1950.189,1950.547,1952.144,0,0,26.4,287.313,True,100.0,4250,False,False
COLAPSO_N4_ALNS-F_r02,COLAPSO,N4,rampa,ALNS-F,ALNS,constructivo,2,20260902,2000,539370b,COLAPSADA,840,11315,10758,128,94,1,33,98.947,840,318,7169.0,1291,76.266,30,0,1950.394,1950.894,1951.627,0,0,2.8,48.89,True,100.0,840,False,False
COLAPSO_N4_ALNS-F_r03,COLAPSO,N4,rampa,ALNS-F,ALNS,constructivo,3,20260903,2000,539370b,COLAPSADA,840,11315,10721,132,87,1,44,98.864,840,317,6790.0,1261,78.046,30,0,1950.467,1951.392,1953.31,0,0,1.1,48.968,True,100.0,840,False,False
COLAPSO_N4_ALNS-F_r04,COLAPSO,N4,rampa,ALNS-F,ALNS,constructivo,4,20260904,2000,45890e5,COLAPSADA,4250,11315,10716,698,650,1,47,99.846,4250,2395,54260.0,9449,83.477,152,0,1950.179,1950.579,1954.665,0,0,23.8,283.49,True,100.0,4250,False,False
COLAPSO_N4_ALNS-F_r05,COLAPSO,N4,rampa,ALNS-F,ALNS,constructivo,5,20260905,2000,539370b,COLAPSADA,1185,11315,10719,212,140,1,71,99.291,1185,629,13197.0,2288,94.264,41,0,1950.382,1950.901,1951.422,0,0,19.4,70.424,True,100.0,1185,False,False
COLAPSO_N4_ALNS-F_r06,COLAPSO,N4,rampa,ALNS-F,ALNS,constructivo,6,20260906,2000,539370b,COLAPSADA,3655,11315,10731,552,489,1,62,99.796,3655,1931,44269.0,7818,90.53,130,0,1950.154,1950.461,1955.595,0,0,27.7,244.23,True,100.0,3655,False,False
COLAPSO_N4_ALNS-F_r07,COLAPSO,N4,rampa,ALNS-F,ALNS,constructivo,7,20260907,2000,539370b,COLAPSADA,840,11315,10730,120,84,1,35,98.824,840,324,7189.0,1218,85.583,30,0,1950.337,1950.517,1950.834,0,0,1.8,43.017,True,100.0,840,False,False
COLAPSO_N4_ALNS-F_r08,COLAPSO,N4,rampa,ALNS-F,ALNS,constructivo,8,20260908,2000,539370b,COLAPSADA,4250,11315,10686,684,637,1,46,99.843,4250,2420,50996.0,8860,80.057,152,0,1950.189,1950.602,1954.503,0,0,26.4,279.573,True,100.0,4250,False,False
COLAPSO_N4_ALNS-F_r09,COLAPSO,N4,rampa,ALNS-F,ALNS,constructivo,9,20260909,2000,539370b,COLAPSADA,5187,11315,10722,940,824,1,115,99.879,5187,3069,69808.0,12364,84.718,190,0,1950.166,1950.505,1952.644,0,0,32.0,351.883,True,100.0,5187,False,False
COLAPSO_N4_ALNS-F_r10,COLAPSO,N4,rampa,ALNS-F,ALNS,constructivo,10,20260910,2000,539370b,COLAPSADA,4250,11315,10725,698,652,1,45,99.847,4250,2520,55412.0,9564,84.988,152,0,1950.191,1950.618,1954.856,0,0,26.5,281.453,True,100.0,4250,False,False
COLAPSO_N4_HGS_r01,COLAPSO,N4,rampa,HGS,HGS,constructivo,1,20260901,2000,539370b,COLAPSADA,10570,11315,10724,2095,2047,1,47,99.951,10570,8289,198088.0,32642,96.77,391,0,1950.14,1950.478,1952.443,0,0,44.9,754.658,True,100.0,10570,False,False
COLAPSO_N4_HGS_r02,COLAPSO,N4,rampa,HGS,HGS,constructivo,2,20260902,2000,539370b,COLAPSADA,4250,11315,10758,733,669,1,63,99.851,4250,2478,59333.0,10024,88.689,152,0,1950.119,1950.345,1950.915,0,0,28.5,287.263,True,100.0,4250,False,False
COLAPSO_N4_HGS_r03,COLAPSO,N4,rampa,HGS,HGS,constructivo,3,20260903,2000,539370b,COLAPSADA,3707,11315,10721,564,501,1,62,99.801,3707,1903,45322.0,7734,90.463,132,0,1950.126,1950.387,1950.932,0,0,23.4,248.22,True,100.0,3707,False,False
COLAPSO_N4_HGS_r04,COLAPSO,N4,rampa,HGS,HGS,constructivo,4,20260904,2000,539370b,COLAPSADA,4136,11315,10716,689,603,1,85,99.834,4136,2187,55366.0,9383,91.818,147,0,1950.148,1950.562,1956.325,0,0,23.2,273.682,True,100.0,4136,False,False
COLAPSO_N4_HGS_r05,COLAPSO,N4,rampa,HGS,HGS,constructivo,5,20260905,2000,539370b,COLAPSADA,1201,11315,10719,215,151,1,63,99.342,1201,699,15789.0,2563,104.563,42,0,1950.155,1950.425,1950.947,0,0,20.6,72.373,True,100.0,1201,False,False
COLAPSO_N4_HGS_r06,COLAPSO,N4,rampa,HGS,HGS,constructivo,6,20260906,2000,539370b,COLAPSADA,3655,11315,10731,552,486,1,65,99.795,3655,1888,44868.0,7535,92.321,130,0,1950.141,1950.383,1951.091,0,0,25.0,244.302,True,100.0,3655,False,False
COLAPSO_N4_HGS_r07,COLAPSO,N4,rampa,HGS,HGS,constructivo,7,20260907,2000,539370b,COLAPSADA,840,11315,10730,120,84,1,35,98.824,840,331,7939.0,1321,94.512,30,0,1950.104,1950.335,1951.062,0,0,2.8,43.047,True,100.0,840,False,False
COLAPSO_N4_HGS_r08,COLAPSO,N4,rampa,HGS,HGS,constructivo,8,20260908,2000,539370b,COLAPSADA,3655,11315,10686,527,463,1,63,99.784,3655,1914,44475.0,7365,96.058,130,0,1950.102,1950.331,1951.242,0,0,30.7,236.447,True,100.0,3655,False,False
COLAPSO_N4_HGS_r09,COLAPSO,N4,rampa,HGS,HGS,constructivo,9,20260909,2000,539370b,COLAPSADA,840,11315,10722,121,83,1,37,98.81,840,268,7930.0,1345,95.542,30,0,1950.109,1950.334,1951.67,0,0,2.7,41.106,True,100.0,840,False,False
COLAPSO_N4_HGS_r10,COLAPSO,N4,rampa,HGS,HGS,constructivo,10,20260910,2000,539370b,COLAPSADA,3655,11315,10725,554,479,1,74,99.792,3655,1943,46691.0,7852,97.476,130,0,1950.133,1950.366,1951.376,0,0,27.1,238.427,True,100.0,3655,False,False
